row,col_0,col_1,col_2,col_3,col_4,col_5,col_6,col_7,col_8,col_9,col_10,col_11,col_12,col_13,col_14
0,AG_ELECTRODE,AG_ELECTRODE,AG_ELECTRODE,AG_ELECTRODE,AG_ELECTRODE,AG_ELECTRODE,AG_ELECTRODE,AG_ELECTRODE,AG_ELECTRODE,AG_ELECTRODE,AG_ELECTRODE,AG_ELECTRODE,AG_ELECTRODE,AG_ELECTRODE,AG_ELECTRODE
1,AG_FILAMENT,AG_FILAMENT,AG_FILAMENT,AG_FILAMENT,AG_FILAMENT,AG_FILAMENT,AG_FILAMENT,AG_FILAMENT,AG_FILAMENT,AG_FILAMENT,AG_FILAMENT,AG_FILAMENT,AG_FILAMENT,AG_FILAMENT,AG_FILAMENT
2,EMPTY,EMPTY,EMPTY,EMPTY,EMPTY,EMPTY,EMPTY,EMPTY,EMPTY,EMPTY,EMPTY,EMPTY,EMPTY,EMPTY,EMPTY
3,EMPTY,EMPTY,EMPTY,EMPTY,EMPTY,EMPTY,EMPTY,EMPTY,EMPTY,EMPTY,EMPTY,EMPTY,EMPTY,EMPTY,EMPTY
4,EMPTY,EMPTY,EMPTY,EMPTY,EMPTY,EMPTY,EMPTY,EMPTY,EMPTY,EMPTY,EMPTY,EMPTY,EMPTY,EMPTY,EMPTY
5,EMPTY,EMPTY,EMPTY,EMPTY,EMPTY,EMPTY,EMPTY,EMPTY,EMPTY,EMPTY,EMPTY,EMPTY,EMPTY,EMPTY,EMPTY
6,EMPTY,EMPTY,EMPTY,EMPTY,EMPTY,EMPTY,EMPTY,EMPTY,EMPTY,EMPTY,EMPTY,EMPTY,EMPTY,EMPTY,EMPTY
7,EMPTY,EMPTY,EMPTY,EMPTY,EMPTY,EMPTY,EMPTY,EMPTY,EMPTY,EMPTY,EMPTY,EMPTY,EMPTY,EMPTY,EMPTY
8,EMPTY,EMPTY,EMPTY,EMPTY,EMPTY,EMPTY,EMPTY,EMPTY,EMPTY,EMPTY,EMPTY,EMPTY,EMPTY,EMPTY,EMPTY
9,EMPTY,EMPTY,EMPTY,EMPTY,EMPTY,EMPTY,EMPTY,EMPTY,EMPTY,EMPTY,EMPTY,EMPTY,EMPTY,EMPTY,EMPTY
10,EMPTY,EMPTY,EMPTY,EMPTY,EMPTY,EMPTY,EMPTY,EMPTY,EMPTY,EMPTY,EMPTY,EMPTY,EMPTY,EMPTY,EMPTY
11,EMPTY,EMPTY,EMPTY,EMPTY,EMPTY,EMPTY,EMPTY,EMPTY,EMPTY,EMPTY,EMPTY,EMPTY,EMPTY,EMPTY,EMPTY
12,EMPTY,EMPTY,EMPTY,EMPTY,EMPTY,EMPTY,EMPTY,EMPTY,EMPTY,EMPTY,EMPTY,EMPTY,EMPTY,EMPTY,EMPTY
13,EMPTY,EMPTY,EMPTY,EMPTY,EMPTY,EMPTY,EMPTY,EMPTY,EMPTY,EMPTY,EMPTY,EMPTY,EMPTY,EMPTY,EMPTY
14,EMPTY,EMPTY,EMPTY,EMPTY,EMPTY,EMPTY,EMPTY,EMPTY,EMPTY,EMPTY,EMPTY,EMPTY,EMPTY,EMPTY,EMPTY
15,EMPTY,EMPTY,EMPTY,EMPTY,EMPTY,EMPTY,EMPTY,EMPTY,EMPTY,EMPTY,EMPTY,EMPTY,EMPTY,EMPTY,EMPTY
16,EMPTY,EMPTY,EMPTY,EMPTY,EMPTY,EMPTY,EMPTY,EMPTY,EMPTY,EMPTY,EMPTY,EMPTY,EMPTY,EMPTY,EMPTY
17,EMPTY,EMPTY,EMPTY,EMPTY,EMPTY,EMPTY,EMPTY,EMPTY,EMPTY,EMPTY,EMPTY,EMPTY,EMPTY,EMPTY,EMPTY
18,EMPTY,EMPTY,EMPTY,EMPTY,EMPTY,EMPTY,EMPTY,EMPTY,EMPTY,EMPTY,EMPTY,EMPTY,EMPTY,EMPTY,EMPTY
19,EMPTY,EMPTY,EMPTY,EMPTY,EMPTY,EMPTY,EMPTY,EMPTY,EMPTY,EMPTY,EMPTY,EMPTY,EMPTY,EMPTY,EMPTY
20,EMPTY,EMPTY,EMPTY,EMPTY,EMPTY,EMPTY,EMPTY,EMPTY,EMPTY,EMPTY,EMPTY,EMPTY,EMPTY,EMPTY,EMPTY
21,EMPTY,EMPTY,EMPTY,EMPTY,EMPTY,EMPTY,EMPTY,EMPTY,EMPTY,EMPTY,EMPTY,EMPTY,EMPTY,EMPTY,EMPTY
22,EMPTY,EMPTY,EMPTY,EMPTY,EMPTY,EMPTY,EMPTY,EMPTY,EMPTY,EMPTY,EMPTY,EMPTY,EMPTY,EMPTY,EMPTY
23,EMPTY,EMPTY,EMPTY,EMPTY,EMPTY,EMPTY,EMPTY,EMPTY,EMPTY,EMPTY,EMPTY,EMPTY,EMPTY,EMPTY,EMPTY
24,PT_ELECTRODE,PT_ELECTRODE,PT_ELECTRODE,PT_ELECTRODE,PT_ELECTRODE,PT_ELECTRODE,PT_ELECTRODE,PT_ELECTRODE,PT_ELECTRODE,PT_ELECTRODE,PT_ELECTRODE,PT_ELECTRODE,PT_ELECTRODE,PT_ELECTRODE,PT_ELECTRODE
