voltage_V,number_of_runs,mean_max_filament_depth_row,median_max_filament_depth_row,std_max_filament_depth_row,min_max_filament_depth_row,max_max_filament_depth_row,mean_growth_events,median_growth_events,std_growth_events,mean_hopping_events,mean_nucleation_events,mean_max_ag_plus_depth_row,mean_simulation_time_s,set_runs
0.1,10,1.9,2.0,0.5676462121975467,1,3,5.6,5.5,2.3664319132398464,19964.4,11.1,23,4.164653402780637e-05,0
0.15,10,1.9,2.0,0.5676462121975467,1,3,6.1,6.0,2.0789954839350235,19962.3,11.3,23,3.948404777614777e-05,0
0.2,10,2,2.0,0.4714045207910317,1,3,6,5.5,1.4907119849998598,17966.9,11.3,20.8,3.4767240099000395e-05,0
0.25,10,1.9,2.0,0.31622776601683794,1,2,6.2,6.5,1.398411797560202,17967.1,10.9,20.8,3.42737556216281e-05,0
0.3,10,1.9,2.0,0.5676462121975467,1,3,5.7,5.5,2.110818693198342,15970.6,11.7,18.6,3.526318773928112e-05,0
0.35,10,2.1,2.0,0.7378647873726218,1,3,5.7,5.0,2.9832867780352594,19960.8,12.2,23,3.563665393367303e-05,0
0.4,10,2.4,2.0,0.8432740427115678,1,4,5.7,5.5,2.1628170930011112,19961.9,11.9,23,4.3117166505990853e-05,0
0.45,10,2.1,2.0,0.5676462121975467,1,3,5.5,6.0,2.0138409955990952,19962.3,11.3,23,3.2405295531496755e-05,0
0.5,10,2.2,2.0,0.4216370213557839,2,3,5.2,5.0,1.8737959096740262,19962.4,11.8,23,3.590767541109804e-05,0
