record_type,name,value,units,notes
event_rate,Ag+ generation,48416047885.68168,Hz summed over event-list builds,candidate_count=326; mean_candidate_rate_hz=148515484.311907; selected_count=20
event_rate,Ag+ hopping,10316946324695.432,Hz summed over event-list builds,candidate_count=177879; mean_candidate_rate_hz=57999799.440605305; selected_count=19962
event_rate,Ag+ nucleation,31633798158.43628,Hz summed over event-list builds,candidate_count=142; mean_candidate_rate_hz=222773226.46786112; selected_count=11
event_rate,Ag+ reduction/deposition,13405964034.136839,Hz summed over event-list builds,candidate_count=124; mean_candidate_rate_hz=108112613.1785229; selected_count=7
event_rate,filament connection,0.0,Hz summed over event-list builds,candidate_count=0; mean_candidate_rate_hz=0.0; selected_count=0
summary,ag_generation_events,20,,
summary,ag_hopping_events,19962,,
summary,nucleation_events,11,,
summary,successful_ag_deposition_events,7,,
summary,failed_deposition_attempts,0,,
summary,filament_site_creation_events,18,,
summary,filament_growth_events,7,,
summary,final_filament_depth_row,2,,
summary,deposition_candidates,124,,
summary,deposition_blocked_no_nucleus,142,,
summary,max_ag_ion_depth_row,23,,row 0 is Ag electrode; row 24 is Pt electrode
summary,max_filament_depth_row,2,,filament remains in PVA; SET boundary is row 23
summary,growth_candidates,124,,
summary,growth_successes,7,,
summary,growth_candidate_rate_sum,13405964034.136839,,
summary,growth_success_rate_sum,1047055250.2163625,,
summary,hopping_candidates,177879,,
summary,hopping_successes,19962,,
summary,hopping_candidate_rate_sum,10316946324695.432,,
summary,hopping_success_rate_sum,1429261068593.1963,,
summary,growth_barrier_sum_ev,31.0,,
summary,hopping_barrier_sum_ev,44656.94400002227,,
summary,mean_growth_rate,108112613.1785229,,
summary,mean_hopping_rate,57999799.440605305,,
summary,growth_to_hopping_rate_ratio,1.864017017666339,,
summary,growth_rate_fraction_of_active_rate,0.0012877469919588534,,
summary,mean_growth_effective_barrier_ev,0.25,,
summary,mean_hopping_effective_barrier_ev,0.25105236705863127,,
summary,number_of_Ag_plus_adjacent_to_filament,0,,
summary,number_of_empty_growth_sites,15,,
summary,final_growth_candidate_rates,,,
summary,number_of_filament_sites,18,,
summary,growth_rate_multiplier,1.0,,
summary,total_events,20000,,
summary,total_time_s,4.1719161144428894e-05,,
summary,final_ag_ion_sites,3,,
summary,final_filament_sites,18,,
summary,electric_field_v_m,2999999.9999999995,,E = V / d; uniform-field approximation
summary,effective_activation_energy_ev,0.25,,
summary,effective_hop_barrier_ev,0.2458,,
summary,effective_nucleation_barrier_ev,0.2458,,
summary,effective_growth_barrier_ev,0.2458,,
summary,base_activated_rate_hz,74257742.15595362,,
summary,total_candidate_rate_contribution_hz_sum,10410402134773.686,,
summary,field_factor_configured,0.35,,
summary,field_term_used_in_rate,1,,field-assisted barrier term is applied and clamped positive
summary,mean_kmc_time_increment_s,2.0859580572214446e-09,,
summary,cell_size_m,4e-09,,
summary,physical_thickness_m,1.0000000000000001e-07,,
summary,voltage_v,0.3,,
summary,temperature_k,300.0,,
summary,random_seed,42,,
summary,first_nucleation_row,1,,
summary,first_nucleation_col,7,,
