requested_thickness_nm,represented_pva_thickness_nm,pva_rows,lattice_rows,cell_size_nm,voltage_V,temperature_K,seed,total_events,termination_reason,simulation_time_s,nucleation_events,growth_events,hopping_events,final_filament_sites,max_filament_depth_row,max_filament_depth_nm,filament_length_nm,max_ag_plus_depth_row,max_ag_plus_depth_nm,final_ag_plus_sites,set_reached,forming_time_s
50,52.0,13,15,4.0,0.3,300,42,20000,EVENT_CAP,3.521881655291527e-05,11,5,19965,16,2,8.0,8.0,13,52.0,4,False,nan
50,52.0,13,15,4.0,0.3,300,43,20000,EVENT_CAP,2.491628613304335e-05,12,8,19955,20,4,16.0,16.0,13,52.0,6,False,nan
50,52.0,13,15,4.0,0.3,300,44,20000,EVENT_CAP,6.397314229999989e-05,13,2,19969,15,1,4.0,4.0,13,52.0,2,False,nan
50,52.0,13,15,4.0,0.3,300,45,20000,EVENT_CAP,0.00012243492265937716,13,7,19960,20,2,8.0,8.0,13,52.0,1,False,nan
50,52.0,13,15,4.0,0.3,300,46,20000,EVENT_CAP,3.529386583567041e-05,13,5,19961,18,2,8.0,8.0,13,52.0,4,False,nan
50,52.0,13,15,4.0,0.3,300,47,20000,EVENT_CAP,2.9223867675363777e-05,12,6,19960,18,2,8.0,8.0,13,52.0,5,False,nan
50,52.0,13,15,4.0,0.3,300,48,20000,EVENT_CAP,2.2021747769822233e-05,15,2,19960,17,2,8.0,8.0,13,52.0,7,False,nan
50,52.0,13,15,4.0,0.3,300,49,20000,EVENT_CAP,3.45486616625221e-05,13,4,19963,17,2,8.0,8.0,13,52.0,4,False,nan
50,52.0,13,15,4.0,0.3,300,50,20000,EVENT_CAP,6.265710464425633e-05,14,4,19963,18,3,12.0,12.0,13,52.0,2,False,nan
50,52.0,13,15,4.0,0.3,300,51,20000,EVENT_CAP,2.8935834207145334e-05,12,5,19962,17,2,8.0,8.0,13,52.0,5,False,nan
75,76.0,19,21,4.0,0.3,300,42,20000,EVENT_CAP,2.3833193216852545e-05,11,7,19959,18,2,8.0,8.0,19,76.0,6,False,nan
75,76.0,19,21,4.0,0.3,300,43,20000,EVENT_CAP,2.725590126454191e-05,11,6,19962,17,2,8.0,8.0,19,76.0,5,False,nan
75,76.0,19,21,4.0,0.3,300,44,20000,EVENT_CAP,6.094360609637854e-05,13,3,19967,16,2,8.0,8.0,19,76.0,2,False,nan
75,76.0,19,21,4.0,0.3,300,45,20000,EVENT_CAP,3.3576527339552076e-05,14,4,19961,18,3,12.0,12.0,19,76.0,4,False,nan
75,76.0,19,21,4.0,0.3,300,46,20000,EVENT_CAP,2.3777510022863254e-05,12,7,19957,19,3,12.0,12.0,19,76.0,6,False,nan
75,76.0,19,21,4.0,0.3,300,47,20000,EVENT_CAP,3.271143156416701e-05,12,3,19967,15,1,4.0,4.0,19,76.0,4,False,nan
75,76.0,19,21,4.0,0.3,300,48,20000,EVENT_CAP,0.00011720335850128493,11,10,19958,21,4,16.0,16.0,19,76.0,1,False,nan
75,76.0,19,21,4.0,0.3,300,49,20000,EVENT_CAP,4.243338112192519e-05,12,5,19964,17,2,8.0,8.0,19,76.0,3,False,nan
75,76.0,19,21,4.0,0.3,300,50,20000,EVENT_CAP,4.1805488935622536e-05,12,5,19964,17,3,12.0,12.0,19,76.0,3,False,nan
75,76.0,19,21,4.0,0.3,300,51,20000,EVENT_CAP,2.7515629823511348e-05,11,7,19960,18,2,8.0,8.0,19,76.0,5,False,nan
100,100.0,25,27,4.0,0.3,300,42,20000,EVENT_CAP,4.168362308492085e-05,11,7,19962,18,2,8.0,8.0,25,100.0,3,False,nan
100,100.0,25,27,4.0,0.3,300,43,33,NO_ACTIVE_EVENT,2.0299847403148068e-08,10,5,4,15,1,4.0,4.0,1,4.0,0,False,nan
100,100.0,25,27,4.0,0.3,300,44,20000,EVENT_CAP,5.969893054910868e-05,11,4,19969,15,1,4.0,4.0,25,100.0,2,False,nan
100,100.0,25,27,4.0,0.3,300,45,20000,EVENT_CAP,6.073325523362859e-05,14,2,19967,16,2,8.0,8.0,25,100.0,2,False,nan
100,100.0,25,27,4.0,0.3,300,46,20000,EVENT_CAP,2.681590269474875e-05,12,9,19954,21,3,12.0,12.0,25,100.0,5,False,nan
100,100.0,25,27,4.0,0.3,300,47,38,NO_ACTIVE_EVENT,3.524778462308307e-08,9,8,5,17,2,8.0,8.0,1,4.0,0,False,nan
100,100.0,25,27,4.0,0.3,300,48,20000,EVENT_CAP,5.982193847366031e-05,13,7,19959,20,2,8.0,8.0,25,100.0,2,False,nan
100,100.0,25,27,4.0,0.3,300,49,20000,EVENT_CAP,4.213102292431421e-05,12,5,19964,17,2,8.0,8.0,25,100.0,3,False,nan
100,100.0,25,27,4.0,0.3,300,50,20000,EVENT_CAP,4.081221982416145e-05,12,4,19966,16,2,8.0,8.0,25,100.0,3,False,nan
100,100.0,25,27,4.0,0.3,300,51,20000,EVENT_CAP,2.0657102843718885e-05,13,6,19956,19,2,8.0,8.0,25,100.0,7,False,nan
125,124.0,31,33,4.0,0.3,300,42,20000,EVENT_CAP,4.076640601499045e-05,10,7,19964,17,2,8.0,8.0,31,124.0,3,False,nan
125,124.0,31,33,4.0,0.3,300,43,20000,EVENT_CAP,4.061074152659872e-05,11,5,19966,16,2,8.0,8.0,31,124.0,3,False,nan
125,124.0,31,33,4.0,0.3,300,44,20000,EVENT_CAP,5.920063669726813e-05,11,4,19969,15,1,4.0,4.0,31,124.0,2,False,nan
125,124.0,31,33,4.0,0.3,300,45,20000,EVENT_CAP,3.192223469154769e-05,12,5,19963,17,2,8.0,8.0,31,124.0,4,False,nan
125,124.0,31,33,4.0,0.3,300,46,20000,EVENT_CAP,2.034232104826984e-05,13,5,19958,18,2,8.0,8.0,31,124.0,7,False,nan
125,124.0,31,33,4.0,0.3,300,47,38,NO_ACTIVE_EVENT,3.6273610768826394e-08,9,8,5,17,2,8.0,8.0,1,4.0,0,False,nan
125,124.0,31,33,4.0,0.3,300,48,20000,EVENT_CAP,5.9561114065801754e-05,13,6,19961,19,2,8.0,8.0,31,124.0,2,False,nan
125,124.0,31,33,4.0,0.3,300,49,20000,EVENT_CAP,4.141870052365377e-05,12,5,19964,17,2,8.0,8.0,31,124.0,3,False,nan
125,124.0,31,33,4.0,0.3,300,50,20000,EVENT_CAP,2.2612855780213044e-05,10,7,19961,17,2,8.0,8.0,31,124.0,6,False,nan
125,124.0,31,33,4.0,0.3,300,51,20000,EVENT_CAP,3.186709972852414e-05,10,5,19967,15,1,4.0,4.0,31,124.0,4,False,nan
150,152.0,38,40,4.0,0.3,300,42,20000,EVENT_CAP,3.159259050259568e-05,12,5,19963,17,3,12.0,12.0,38,152.0,4,False,nan
150,152.0,38,40,4.0,0.3,300,43,20000,EVENT_CAP,4.028007862855393e-05,11,5,19966,16,2,8.0,8.0,38,152.0,3,False,nan
150,152.0,38,40,4.0,0.3,300,44,20000,EVENT_CAP,5.877567713331912e-05,11,4,19969,15,1,4.0,4.0,38,152.0,2,False,nan
150,152.0,38,40,4.0,0.3,300,45,20000,EVENT_CAP,2.2600088904178623e-05,13,5,19959,18,2,8.0,8.0,38,152.0,6,False,nan
150,152.0,38,40,4.0,0.3,300,46,20000,EVENT_CAP,2.237023154334296e-05,12,8,19955,20,2,8.0,8.0,38,152.0,6,False,nan
150,152.0,38,40,4.0,0.3,300,47,38,NO_ACTIVE_EVENT,3.697210053135544e-08,9,8,5,17,2,8.0,8.0,1,4.0,0,False,nan
150,152.0,38,40,4.0,0.3,300,48,20000,EVENT_CAP,3.1185857975327815e-05,10,8,19961,18,2,8.0,8.0,38,152.0,4,False,nan
150,152.0,38,40,4.0,0.3,300,49,20000,EVENT_CAP,4.1144586932738594e-05,12,5,19964,17,2,8.0,8.0,38,152.0,3,False,nan
150,152.0,38,40,4.0,0.3,300,50,20000,EVENT_CAP,5.832506929307477e-05,12,6,19963,18,2,8.0,8.0,38,152.0,2,False,nan
150,152.0,38,40,4.0,0.3,300,51,20000,EVENT_CAP,4.119345154274954e-05,11,6,19964,17,2,8.0,8.0,38,152.0,3,False,nan
175,176.0,44,46,4.0,0.3,300,42,20000,EVENT_CAP,1.9870258106524737e-05,12,3,19964,15,1,4.0,4.0,44,176.0,7,False,nan
175,176.0,44,46,4.0,0.3,300,43,20000,EVENT_CAP,4.034074194055449e-05,12,3,19968,15,1,4.0,4.0,44,176.0,3,False,nan
175,176.0,44,46,4.0,0.3,300,44,20000,EVENT_CAP,5.830381461045559e-05,11,4,19969,15,1,4.0,4.0,44,176.0,2,False,nan
175,176.0,44,46,4.0,0.3,300,45,20000,EVENT_CAP,2.5900103816536818e-05,13,6,19958,19,2,8.0,8.0,44,176.0,5,False,nan
175,176.0,44,46,4.0,0.3,300,46,20000,EVENT_CAP,4.060613157865898e-05,13,8,19956,21,3,12.0,12.0,44,176.0,3,False,nan
175,176.0,44,46,4.0,0.3,300,47,20000,EVENT_CAP,5.8261641969016036e-05,10,6,19967,16,2,8.0,8.0,44,176.0,2,False,nan
175,176.0,44,46,4.0,0.3,300,48,20000,EVENT_CAP,2.1777914786207364e-05,11,7,19959,18,2,8.0,8.0,44,176.0,6,False,nan
175,176.0,44,46,4.0,0.3,300,49,20000,EVENT_CAP,4.1311404799814015e-05,12,5,19964,17,2,8.0,8.0,44,176.0,3,False,nan
175,176.0,44,46,4.0,0.3,300,50,20000,EVENT_CAP,5.7865979212626494e-05,13,4,19965,17,2,8.0,8.0,44,176.0,2,False,nan
175,176.0,44,46,4.0,0.3,300,51,20000,EVENT_CAP,3.114733309895883e-05,10,7,19963,17,3,12.0,12.0,44,176.0,4,False,nan
200,200.0,50,52,4.0,0.3,300,42,20000,EVENT_CAP,1.9612664376637582e-05,11,6,19960,17,2,8.0,8.0,50,200.0,7,False,nan
200,200.0,50,52,4.0,0.3,300,43,20000,EVENT_CAP,3.9814659172322454e-05,12,3,19968,15,1,4.0,4.0,50,200.0,3,False,nan
200,200.0,50,52,4.0,0.3,300,44,20000,EVENT_CAP,5.857158585357616e-05,11,4,19969,15,1,4.0,4.0,50,200.0,2,False,nan
200,200.0,50,52,4.0,0.3,300,45,20000,EVENT_CAP,2.231663498647392e-05,13,6,19957,19,2,8.0,8.0,50,200.0,6,False,nan
200,200.0,50,52,4.0,0.3,300,46,20000,EVENT_CAP,3.1218483072912386e-05,12,10,19953,22,2,8.0,8.0,50,200.0,4,False,nan
200,200.0,50,52,4.0,0.3,300,47,20000,EVENT_CAP,5.8042217577845956e-05,10,6,19967,16,2,8.0,8.0,50,200.0,2,False,nan
200,200.0,50,52,4.0,0.3,300,48,20000,EVENT_CAP,2.184116717405979e-05,11,7,19959,18,2,8.0,8.0,50,200.0,6,False,nan
200,200.0,50,52,4.0,0.3,300,49,20000,EVENT_CAP,5.813041831040633e-05,12,7,19961,19,3,12.0,12.0,50,200.0,2,False,nan
200,200.0,50,52,4.0,0.3,300,50,20000,EVENT_CAP,5.744275706537793e-05,13,4,19965,17,2,8.0,8.0,50,200.0,2,False,nan
200,200.0,50,52,4.0,0.3,300,51,20000,EVENT_CAP,2.5538426730797266e-05,8,8,19964,16,2,8.0,8.0,50,200.0,5,False,nan
