voltage_V,temperature_K,seed,total_events,termination_reason,simulation_time_s,nucleation_events,growth_events,hopping_events,final_filament_sites,max_filament_depth_row,max_filament_depth_nm,filament_length_nm,max_ag_plus_depth_row,max_ag_plus_depth_nm,final_ag_plus_sites,set_reached,forming_time_s
0.3,250,42,20000,EVENT_CAP,0.00016357227195708173,11,6,19961,17,2,8.0,8.0,23,92.0,6,False,nan
0.3,250,43,20000,EVENT_CAP,0.00016236945729024402,11,6,19961,17,2,8.0,8.0,23,92.0,6,False,nan
0.3,250,44,20000,EVENT_CAP,0.00041896826626563614,13,5,19963,18,2,8.0,8.0,23,92.0,2,False,nan
0.3,250,45,20000,EVENT_CAP,0.00014513959062194027,13,3,19962,16,2,8.0,8.0,23,92.0,7,False,nan
0.3,250,46,20000,EVENT_CAP,0.00022747647463307896,10,12,19953,22,3,12.0,12.0,23,92.0,4,False,nan
0.3,250,47,20000,EVENT_CAP,0.00018694158154600798,11,4,19966,15,1,4.0,4.0,23,92.0,5,False,nan
0.3,250,48,20000,EVENT_CAP,0.00041257060628127845,14,6,19959,20,2,8.0,8.0,23,92.0,2,False,nan
0.3,250,49,20000,EVENT_CAP,0.0002942017588750894,12,5,19964,17,2,8.0,8.0,23,92.0,3,False,nan
0.3,250,50,20000,EVENT_CAP,0.0002876831539867618,12,5,19964,17,3,12.0,12.0,23,92.0,3,False,nan
0.3,250,51,20000,EVENT_CAP,0.00018831459178811425,10,7,19962,17,2,8.0,8.0,23,92.0,5,False,nan
0.3,275,42,20000,EVENT_CAP,9.991954120033962e-05,11,7,19962,18,2,8.0,8.0,23,92.0,3,False,nan
0.3,275,43,33,NO_ACTIVE_EVENT,4.834062245993548e-08,10,5,4,15,1,4.0,4.0,1,4.0,0,False,nan
0.3,275,44,20000,EVENT_CAP,0.0001445134685167126,11,4,19969,15,1,4.0,4.0,23,92.0,2,False,nan
0.3,275,45,48,NO_ACTIVE_EVENT,4.0820274171791774e-08,15,3,13,18,2,8.0,8.0,1,4.0,0,False,nan
0.3,275,46,20000,EVENT_CAP,5.6305869232838564e-05,11,9,19955,20,3,12.0,12.0,23,92.0,6,False,nan
0.3,275,47,20000,EVENT_CAP,6.522751733796337e-05,11,4,19966,15,1,4.0,4.0,23,92.0,5,False,nan
0.3,275,48,20000,EVENT_CAP,0.00014262147562496002,14,6,19959,20,2,8.0,8.0,23,92.0,2,False,nan
0.3,275,49,20000,EVENT_CAP,0.00010180377965474998,12,5,19964,17,2,8.0,8.0,23,92.0,3,False,nan
0.3,275,50,20000,EVENT_CAP,9.90755939684957e-05,12,4,19966,16,2,8.0,8.0,23,92.0,3,False,nan
0.3,275,51,20000,EVENT_CAP,5.59244919027415e-05,11,10,19953,21,2,8.0,8.0,23,92.0,6,False,nan
0.3,300,42,20000,EVENT_CAP,4.1719161144428894e-05,11,7,19962,18,2,8.0,8.0,23,92.0,3,False,nan
0.3,300,43,33,NO_ACTIVE_EVENT,2.0299847403148068e-08,10,5,4,15,1,4.0,4.0,1,4.0,0,False,nan
0.3,300,44,20000,EVENT_CAP,5.966396219868703e-05,11,4,19969,15,1,4.0,4.0,23,92.0,2,False,nan
0.3,300,45,20000,EVENT_CAP,6.0739201371059146e-05,14,2,19967,16,2,8.0,8.0,23,92.0,2,False,nan
0.3,300,46,20000,EVENT_CAP,2.6945492898019695e-05,12,9,19954,21,3,12.0,12.0,23,92.0,5,False,nan
0.3,300,47,38,NO_ACTIVE_EVENT,3.524778462308307e-08,9,8,5,17,2,8.0,8.0,1,4.0,0,False,nan
0.3,300,48,20000,EVENT_CAP,5.983384693062968e-05,13,7,19959,20,2,8.0,8.0,23,92.0,2,False,nan
0.3,300,49,20000,EVENT_CAP,4.2094700800034696e-05,12,5,19964,17,2,8.0,8.0,23,92.0,3,False,nan
0.3,300,50,20000,EVENT_CAP,4.0771482946016254e-05,12,4,19966,16,2,8.0,8.0,23,92.0,3,False,nan
0.3,300,51,20000,EVENT_CAP,2.0808481471909574e-05,13,6,19956,19,2,8.0,8.0,23,92.0,7,False,nan
0.3,325,42,20000,EVENT_CAP,1.9619721990136255e-05,10,7,19964,17,2,8.0,8.0,23,92.0,3,False,nan
0.3,325,43,20000,EVENT_CAP,1.958394115976093e-05,11,5,19966,16,2,8.0,8.0,23,92.0,3,False,nan
0.3,325,44,20000,EVENT_CAP,2.8289269959060616e-05,11,4,19969,15,1,4.0,4.0,23,92.0,2,False,nan
0.3,325,45,20000,EVENT_CAP,9.772054315857166e-06,13,3,19962,16,2,8.0,8.0,23,92.0,7,False,nan
0.3,325,46,20000,EVENT_CAP,1.9703900638498646e-05,12,8,19958,20,2,8.0,8.0,23,92.0,3,False,nan
0.3,325,47,38,NO_ACTIVE_EVENT,1.6938144015262424e-08,9,8,5,17,2,8.0,8.0,1,4.0,0,False,nan
0.3,325,48,20000,EVENT_CAP,5.472522917314685e-05,12,9,19958,21,3,12.0,12.0,23,92.0,1,False,nan
0.3,325,49,20000,EVENT_CAP,1.979019810824056e-05,12,5,19964,17,2,8.0,8.0,23,92.0,3,False,nan
0.3,325,50,20000,EVENT_CAP,1.9269263080666916e-05,12,4,19966,16,2,8.0,8.0,23,92.0,3,False,nan
0.3,325,51,20000,EVENT_CAP,1.0834625368244612e-05,11,8,19957,19,3,12.0,12.0,23,92.0,6,False,nan
0.3,350,42,20000,EVENT_CAP,1.0363371491915494e-05,10,7,19964,17,2,8.0,8.0,23,92.0,3,False,nan
0.3,350,43,20000,EVENT_CAP,1.0344494316473589e-05,11,5,19966,16,2,8.0,8.0,23,92.0,3,False,nan
0.3,350,44,20000,EVENT_CAP,1.4958375625513591e-05,11,4,19969,15,1,4.0,4.0,23,92.0,2,False,nan
0.3,350,45,20000,EVENT_CAP,5.092332144277224e-06,13,3,19962,16,2,8.0,8.0,23,92.0,7,False,nan
0.3,350,46,20000,EVENT_CAP,5.833755796799865e-06,11,8,19957,19,2,8.0,8.0,23,92.0,6,False,nan
0.3,350,47,38,NO_ACTIVE_EVENT,9.037777165255262e-09,9,8,5,17,2,8.0,8.0,1,4.0,0,False,nan
0.3,350,48,20000,EVENT_CAP,1.4897787130123622e-05,13,6,19961,19,2,8.0,8.0,23,92.0,2,False,nan
0.3,350,49,20000,EVENT_CAP,1.0421711705191716e-05,12,5,19964,17,2,8.0,8.0,23,92.0,3,False,nan
0.3,350,50,20000,EVENT_CAP,5.660908556953848e-06,10,7,19961,17,2,8.0,8.0,23,92.0,6,False,nan
0.3,350,51,20000,EVENT_CAP,5.760504906181966e-06,10,7,19961,17,2,8.0,8.0,23,92.0,6,False,nan
0.3,375,42,20000,EVENT_CAP,5.919781480423518e-06,10,7,19964,17,2,8.0,8.0,23,92.0,3,False,nan
0.3,375,43,20000,EVENT_CAP,5.875660471230951e-06,11,5,19966,16,2,8.0,8.0,23,92.0,3,False,nan
0.3,375,44,20000,EVENT_CAP,8.570001745167375e-06,11,4,19969,15,1,4.0,4.0,23,92.0,2,False,nan
0.3,375,45,20000,EVENT_CAP,4.6327274264155805e-06,12,5,19963,17,2,8.0,8.0,23,92.0,4,False,nan
0.3,375,46,20000,EVENT_CAP,2.943071677956532e-06,13,5,19958,18,2,8.0,8.0,23,92.0,7,False,nan
0.3,375,47,38,NO_ACTIVE_EVENT,5.243578301487906e-09,9,8,5,17,2,8.0,8.0,1,4.0,0,False,nan
0.3,375,48,20000,EVENT_CAP,8.614383563607973e-06,13,6,19961,19,2,8.0,8.0,23,92.0,2,False,nan
0.3,375,49,20000,EVENT_CAP,5.992438315833422e-06,12,5,19964,17,2,8.0,8.0,23,92.0,3,False,nan
0.3,375,50,20000,EVENT_CAP,3.2577650982835174e-06,10,7,19961,17,2,8.0,8.0,23,92.0,6,False,nan
0.3,375,51,20000,EVENT_CAP,4.601440166069147e-06,10,5,19967,15,1,4.0,4.0,23,92.0,4,False,nan
0.3,400,42,20000,EVENT_CAP,3.6608903082155995e-06,10,7,19964,17,2,8.0,8.0,23,92.0,3,False,nan
0.3,400,43,20000,EVENT_CAP,3.6093953535906125e-06,11,5,19966,16,2,8.0,8.0,23,92.0,3,False,nan
0.3,400,44,20000,EVENT_CAP,5.2486491653890155e-06,11,4,19969,15,1,4.0,4.0,23,92.0,2,False,nan
0.3,400,45,20000,EVENT_CAP,2.83967548369497e-06,12,5,19963,17,2,8.0,8.0,23,92.0,4,False,nan
0.3,400,46,20000,EVENT_CAP,5.26800552613883e-06,12,6,19963,18,2,8.0,8.0,23,92.0,2,False,nan
0.3,400,47,38,NO_ACTIVE_EVENT,3.2564572940619224e-09,9,8,5,17,2,8.0,8.0,1,4.0,0,False,nan
0.3,400,48,20000,EVENT_CAP,5.2549529447349875e-06,13,6,19961,19,2,8.0,8.0,23,92.0,2,False,nan
0.3,400,49,20000,EVENT_CAP,3.666446047513271e-06,12,5,19964,17,2,8.0,8.0,23,92.0,3,False,nan
0.3,400,50,20000,EVENT_CAP,2.006382968437367e-06,10,7,19961,17,2,8.0,8.0,23,92.0,6,False,nan
0.3,400,51,20000,EVENT_CAP,3.64555179556342e-06,11,6,19964,17,2,8.0,8.0,23,92.0,3,False,nan
