voltage_V,0.25
temperature_K,300
seed,42
selection_rule,maximum filament depth; tie: smallest seed
set_reached,False
total_events,20000
max_filament_depth_row,2

row,0,1,2,3,4,5,6,7,8,9,10,11,12,13,14
0,AG_ELECTRODE,AG_ELECTRODE,AG_ELECTRODE,AG_ELECTRODE,AG_ELECTRODE,AG_ELECTRODE,AG_ELECTRODE,AG_ELECTRODE,AG_ELECTRODE,AG_ELECTRODE,AG_ELECTRODE,AG_ELECTRODE,AG_ELECTRODE,AG_ELECTRODE,AG_ELECTRODE
1,AG_FILAMENT,AG_FILAMENT,AG_FILAMENT,AG_FILAMENT,AG_FILAMENT,AG_FILAMENT,AG_FILAMENT,AG_FILAMENT,AG_FILAMENT,AG_FILAMENT,AG_FILAMENT,AG_FILAMENT,AG_FILAMENT,AG_FILAMENT,AG_FILAMENT
2,EMPTY,EMPTY,EMPTY,AG_FILAMENT,EMPTY,EMPTY,EMPTY,EMPTY,EMPTY,EMPTY,EMPTY,EMPTY,EMPTY,EMPTY,AG_FILAMENT
3,EMPTY,EMPTY,EMPTY,EMPTY,EMPTY,EMPTY,EMPTY,EMPTY,EMPTY,EMPTY,EMPTY,EMPTY,EMPTY,EMPTY,EMPTY
4,EMPTY,EMPTY,EMPTY,EMPTY,EMPTY,EMPTY,EMPTY,EMPTY,EMPTY,EMPTY,EMPTY,EMPTY,EMPTY,EMPTY,EMPTY
5,EMPTY,EMPTY,EMPTY,EMPTY,EMPTY,EMPTY,EMPTY,EMPTY,EMPTY,EMPTY,EMPTY,EMPTY,EMPTY,EMPTY,EMPTY
6,EMPTY,EMPTY,EMPTY,EMPTY,EMPTY,EMPTY,EMPTY,EMPTY,EMPTY,EMPTY,EMPTY,EMPTY,EMPTY,EMPTY,EMPTY
7,EMPTY,EMPTY,EMPTY,EMPTY,EMPTY,EMPTY,EMPTY,EMPTY,EMPTY,EMPTY,EMPTY,EMPTY,EMPTY,EMPTY,EMPTY
8,EMPTY,EMPTY,EMPTY,EMPTY,EMPTY,EMPTY,EMPTY,EMPTY,EMPTY,EMPTY,EMPTY,EMPTY,EMPTY,EMPTY,EMPTY
9,EMPTY,EMPTY,EMPTY,EMPTY,EMPTY,EMPTY,EMPTY,EMPTY,EMPTY,EMPTY,EMPTY,EMPTY,EMPTY,EMPTY,EMPTY
10,EMPTY,EMPTY,EMPTY,EMPTY,EMPTY,EMPTY,EMPTY,EMPTY,EMPTY,EMPTY,EMPTY,EMPTY,EMPTY,EMPTY,EMPTY
11,EMPTY,EMPTY,EMPTY,EMPTY,EMPTY,EMPTY,EMPTY,EMPTY,EMPTY,EMPTY,EMPTY,EMPTY,EMPTY,EMPTY,EMPTY
12,EMPTY,EMPTY,EMPTY,EMPTY,EMPTY,EMPTY,EMPTY,EMPTY,EMPTY,EMPTY,EMPTY,EMPTY,EMPTY,EMPTY,EMPTY
13,EMPTY,EMPTY,EMPTY,EMPTY,EMPTY,EMPTY,EMPTY,EMPTY,EMPTY,EMPTY,EMPTY,EMPTY,EMPTY,EMPTY,EMPTY
14,EMPTY,EMPTY,EMPTY,EMPTY,EMPTY,EMPTY,EMPTY,EMPTY,EMPTY,EMPTY,EMPTY,EMPTY,EMPTY,EMPTY,EMPTY
15,EMPTY,EMPTY,EMPTY,EMPTY,EMPTY,EMPTY,EMPTY,EMPTY,EMPTY,EMPTY,EMPTY,EMPTY,EMPTY,EMPTY,EMPTY
16,EMPTY,EMPTY,EMPTY,EMPTY,EMPTY,EMPTY,EMPTY,EMPTY,EMPTY,EMPTY,EMPTY,EMPTY,EMPTY,EMPTY,EMPTY
17,EMPTY,EMPTY,EMPTY,EMPTY,EMPTY,EMPTY,EMPTY,EMPTY,EMPTY,EMPTY,EMPTY,EMPTY,EMPTY,EMPTY,EMPTY
18,EMPTY,EMPTY,EMPTY,EMPTY,EMPTY,EMPTY,EMPTY,EMPTY,EMPTY,EMPTY,EMPTY,EMPTY,EMPTY,EMPTY,EMPTY
19,EMPTY,EMPTY,EMPTY,EMPTY,EMPTY,EMPTY,EMPTY,EMPTY,EMPTY,EMPTY,EMPTY,EMPTY,EMPTY,EMPTY,EMPTY
20,EMPTY,EMPTY,EMPTY,EMPTY,EMPTY,EMPTY,EMPTY,EMPTY,EMPTY,EMPTY,EMPTY,EMPTY,EMPTY,EMPTY,EMPTY
21,EMPTY,EMPTY,EMPTY,EMPTY,EMPTY,EMPTY,EMPTY,EMPTY,EMPTY,EMPTY,EMPTY,EMPTY,EMPTY,EMPTY,EMPTY
22,EMPTY,EMPTY,EMPTY,EMPTY,EMPTY,EMPTY,EMPTY,EMPTY,EMPTY,EMPTY,EMPTY,EMPTY,EMPTY,EMPTY,EMPTY
23,EMPTY,EMPTY,AG_ION,EMPTY,EMPTY,EMPTY,EMPTY,EMPTY,EMPTY,EMPTY,EMPTY,EMPTY,AG_ION,EMPTY,AG_ION
24,PT_ELECTRODE,PT_ELECTRODE,PT_ELECTRODE,PT_ELECTRODE,PT_ELECTRODE,PT_ELECTRODE,PT_ELECTRODE,PT_ELECTRODE,PT_ELECTRODE,PT_ELECTRODE,PT_ELECTRODE,PT_ELECTRODE,PT_ELECTRODE,PT_ELECTRODE,PT_ELECTRODE
