activation_energy_eV,temperature_K,mobility_m2_V_s,max_filament_length_nm,set_reached,set_voltage_V,positive_bias_time_s,reset_voltage_V,lrs_resistance_ohm,hrs_resistance_ohm,on_off_ratio
0.1,250.0,2.3066664129862304e-13,100.0,True,0.41382765531062116,0.20700000000000016,-0.33767535070140275,2037.1832715762603,100000.5092958179,49.08763521234052
0.1,300.0,5e-13,100.0,True,0.2815631262525049,0.1410000000000001,-0.2294589178356713,2037.1832715762603,100000.5092958179,49.08763521234052
0.1,350.0,8.688792818587391e-13,100.0,True,0.21342685370741477,0.10700000000000008,-0.1753507014028055,2037.1832715762603,100000.5092958179,49.08763521234052
0.1,400.0,1.3150780220830602e-12,100.0,True,0.17334669338677344,0.08700000000000006,-0.1412825651302605,2037.1832715762603,100000.5092958179,49.08763521234052
0.2,250.0,1.0641419881597525e-13,90.52670821118532,False,,,,,100000.5092958179,
0.2,300.0,5e-13,100.0,True,0.2815631262525049,0.1410000000000001,-0.2294589178356713,2037.1832715762603,100000.5092958179,49.08763521234052
0.2,350.0,1.5099024128867163e-12,100.0,True,0.16132264529058116,0.08100000000000006,-0.13326653306613223,2037.1832715762603,100000.5092958179,49.08763521234052
0.2,400.0,3.458860408331788e-12,100.0,True,0.10721442885771537,0.05400000000000004,-0.08717434869739471,2037.1832715762603,100000.5092958179,49.08763521234052
0.3,250.0,4.909241165472987e-14,41.76298346178923,False,,,,,100000.5092958179,
0.3,300.0,5e-13,100.0,True,0.2815631262525049,0.1410000000000001,-0.2294589178356713,2037.1832715762603,100000.5092958179,49.08763521234052
0.3,350.0,2.6238458483715734e-12,100.0,True,0.1232464929859719,0.06200000000000005,-0.10120240480961917,2037.1832715762603,100000.5092958179,49.08763521234052
0.3,400.0,9.097342608900745e-12,100.0,True,0.06513026052104198,0.03300000000000002,-0.0531062124248497,2037.1832715762603,100000.5092958179,49.08763521234052
